{
    "order":[
        {
            "ngoCoord":[81.8338,25.43813],
            "userCoord":[81.863304,25.493391]
        }
    ]
}